Name, ID, Game Mode, Latency, Scoreboard Team, Model Type, Session ID, Public Key
flyintothmn, 01230f01-f43b-3fab-b40d-a6ec9e56bbad, ADVENTURE, 51, CCC, SLIM
black_holle, b798df2d-981d-3ed2-aa4d-027d9221c063, ADVENTURE, 65, CCC, SLIM
barwita, bf97f78d-aefd-3bf8-885d-2a19a03c474d, ADVENTURE, 151, AAA, SLIM
Glupi_Man, f977f44a-a751-3864-b42a-a20fdbc2dd24, ADVENTURE, 104, AAA, SLIM
MarlonLPX, 23cef4c5-0581-3cda-a5bf-1eb9b9e8c3d0, ADVENTURE, 89, AAA, WIDE
4u4u4ka, 63257949-9c4f-39cd-9188-51d4fe6eb90e, ADVENTURE, 117, AAA, WIDE
7vcn_, 889290dc-e886-32d9-9a5f-bd8224b6468e, ADVENTURE, 166, AAA, SLIM
ErrorGHG, d0fa2771-2193-379a-80dd-f999a3a443f7, ADVENTURE, 38, ZZZ, WIDE
FunnyDawg, b6cb5799-b45e-3abc-8815-e4ac90da104d, ADVENTURE, 216, AAA, WIDE
